GROUP,PACKAGE,CLASS,INSTRUCTION_MISSED,INSTRUCTION_COVERED,BRANCH_MISSED,BRANCH_COVERED,LINE_MISSED,LINE_COVERED,COMPLEXITY_MISSED,COMPLEXITY_COVERED,METHOD_MISSED,METHOD_COVERED
TripFlow API Service,com.tripflow.controller.auth,RestAuthController,48,82,6,6,12,21,6,7,2,5
TripFlow API Service,com.tripflow.service.map.dispatch,MapProviderResolver,18,79,6,12,3,23,6,8,0,5
TripFlow API Service,com.tripflow.dto.shared,ErrorResponse,0,9,0,0,0,1,0,1,0,1
TripFlow API Service,com.tripflow.dto.shared,PaginatedDTO,0,21,0,0,0,1,0,1,0,1
TripFlow API Service,com.tripflow.service.map.provider.search,MapTilerSearchProvider,353,583,61,47,75,108,53,26,7,18
TripFlow API Service,com.tripflow.service.map.provider.search,MapTilerSearchProvider.SuggestRequestContext,0,12,0,0,0,1,0,1,0,1
TripFlow API Service,com.tripflow.service.map.provider.search,MockMapsSearchProvider,2,47,2,2,0,7,2,4,0,4
TripFlow API Service,com.tripflow.service.itinerary,ItineraryPermissionService,0,70,0,8,0,13,0,11,0,7
TripFlow API Service,com.tripflow.service.itinerary,ItineraryShareLinkService,25,216,5,11,2,54,7,12,2,9
TripFlow API Service,com.tripflow.service.itinerary,ItineraryDayService,0,67,0,8,0,18,0,7,0,3
TripFlow API Service,com.tripflow.service.itinerary,LocationService,5,49,2,8,1,16,2,5,0,2
TripFlow API Service,com.tripflow.service.itinerary,GeographicPointService,0,83,1,3,0,20,1,7,0,6
TripFlow API Service,com.tripflow.service.itinerary,ItineraryCollaborationService,0,527,0,30,0,117,0,30,0,15
TripFlow API Service,com.tripflow.service.itinerary,ActivityService,0,33,0,0,0,11,0,3,0,3
TripFlow API Service,com.tripflow.service.itinerary,ItineraryService,30,507,4,18,9,106,4,23,1,15
TripFlow API Service,com.tripflow.service.ai,AIUsageService,0,146,0,14,0,35,0,13,0,6
TripFlow API Service,com.tripflow.service.ai,AIService,0,99,0,4,0,26,0,7,0,5
TripFlow API Service,com.tripflow.controller.v1,RestStatsController,0,20,0,0,0,7,0,3,0,3
TripFlow API Service,com.tripflow.controller.v1,RestMapController,0,40,0,0,0,6,0,4,0,4
TripFlow API Service,com.tripflow.controller.v1,RestCollaborationController,0,60,0,0,0,15,0,7,0,7
TripFlow API Service,com.tripflow.controller.v1,RestShareLinkController,0,40,0,0,0,11,0,5,0,5
TripFlow API Service,com.tripflow.controller.v1,RestAIController,0,21,0,0,0,7,0,3,0,3
TripFlow API Service,com.tripflow.controller.v1,RestItineraryController,0,63,0,0,0,15,0,6,0,6
TripFlow API Service,com.tripflow.controller.v1,RestUserController,0,86,0,0,0,20,0,8,0,8
TripFlow API Service,com.tripflow.service.map,MapsCacheService,56,25,0,0,12,8,3,3,3,3
TripFlow API Service,com.tripflow.service.map,MapsHttpClientFactory,0,22,0,0,0,9,0,2,0,2
TripFlow API Service,com.tripflow.service.map,MapsService,4,104,2,4,2,29,2,8,0,7
TripFlow API Service,com.tripflow.service.map.provider.support,MapProviderExceptionMapper,100,0,26,0,23,0,15,0,2,0
TripFlow API Service,com.tripflow.service.map.provider.support,DirectionsCacheKeyBuilder,0,46,0,2,0,12,0,3,0,2
TripFlow API Service,com.tripflow.controller,HealthController,0,8,0,0,0,2,0,2,0,2
TripFlow API Service,com.tripflow.model,ExternalImage,35,28,0,0,14,12,6,8,6,8
TripFlow API Service,com.tripflow.model,MapsCacheEntry,52,3,0,0,21,1,12,1,12,1
TripFlow API Service,com.tripflow.model,AIUsage,7,40,0,0,3,13,2,7,2,7
TripFlow API Service,com.tripflow.model,User,90,189,5,9,21,69,16,35,11,33
TripFlow API Service,com.tripflow.dto.auth,AuthStatus,0,15,0,0,0,3,0,1,0,1
TripFlow API Service,com.tripflow.dto.auth,AuthResponse,0,15,0,0,0,1,0,1,0,1
TripFlow API Service,com.tripflow.dto.auth,ResendCodeRequest,6,0,0,0,1,0,1,0,1,0
TripFlow API Service,com.tripflow.dto.auth,LoginRequest,0,9,0,0,0,1,0,1,0,1
TripFlow API Service,com.tripflow.dto.auth,VerifyAccountRequest,9,0,0,0,1,0,1,0,1,0
TripFlow API Service,com.tripflow.model.itinerary,ItineraryDay,11,39,1,3,5,13,4,8,3,7
TripFlow API Service,com.tripflow.model.itinerary,ItineraryCollaborator,12,57,0,0,6,22,3,12,3,12
TripFlow API Service,com.tripflow.model.itinerary,Itinerary,28,121,1,3,12,47,9,27,8,26
TripFlow API Service,com.tripflow.model.itinerary,Activity,10,42,0,0,4,18,3,12,3,12
TripFlow API Service,com.tripflow.model.itinerary,GeographicPoint,28,29,0,0,9,12,4,7,4,7
TripFlow API Service,com.tripflow.model.itinerary,ItineraryShareLink,3,49,0,0,1,21,1,14,1,14
TripFlow API Service,com.tripflow.model.itinerary,Location,25,40,6,2,8,12,8,9,4,9
TripFlow API Service,com.tripflow.service.auth,AuthService,189,334,7,11,41,82,8,13,2,10
TripFlow API Service,com.tripflow.service.auth,AuthValidator,18,103,7,19,3,24,7,8,0,2
TripFlow API Service,com.tripflow.dto.stats,StatDTO,0,9,0,0,0,1,0,1,0,1
TripFlow API Service,com.tripflow.dto.stats,UserStatsDTO,0,6,0,0,0,1,0,1,0,1
TripFlow API Service,com.tripflow.dto.stats,UsersByPlanStatsDTO,0,6,0,0,0,1,0,1,0,1
TripFlow API Service,com.tripflow.dto.stats,UsersByPlanItemDTO,0,9,0,0,0,1,0,1,0,1
TripFlow API Service,com.tripflow.dto.itinerary,ExtendedItineraryResponseDTO,0,9,0,0,0,1,0,1,0,1
TripFlow API Service,com.tripflow.dto.itinerary,ItineraryResponseDTO,0,9,0,0,0,1,0,1,0,1
TripFlow API Service,com.tripflow.dto.itinerary,PermissionsDTO,0,12,0,0,0,1,0,1,0,1
TripFlow API Service,com.tripflow.utils,Normalizer,10,0,0,0,4,0,1,0,1,0
TripFlow API Service,com.tripflow.utils,VerificationUtils,0,14,0,0,0,2,0,2,0,2
TripFlow API Service,com.tripflow.utils,ImageUtils,3,11,0,0,1,2,1,2,1,2
TripFlow API Service,com.tripflow.utils,UnsplashResponseMock,3,7,0,0,1,1,1,1,1,1
TripFlow API Service,com.tripflow.security.jwt,JwtTokenProvider,16,98,2,6,3,24,2,9,1,6
TripFlow API Service,com.tripflow.security.jwt,TokenType,0,38,0,0,0,9,0,4,0,4
TripFlow API Service,com.tripflow.security.jwt,UnauthorizedHandlerJwt,0,32,0,0,0,10,0,2,0,2
TripFlow API Service,com.tripflow.security.jwt,JwtRequestFilter,11,75,0,2,4,23,0,4,0,3
TripFlow API Service,com.tripflow.security,SecurityConfig,0,325,0,0,0,39,0,12,0,12
TripFlow API Service,com.tripflow.security,CustomUserDetailsService,0,45,0,0,0,10,0,3,0,3
TripFlow API Service,com.tripflow.consumer,AIGenerationListener,39,12,2,0,8,5,2,1,1,1
TripFlow API Service,com.tripflow.service.map.provider.routing,MockMapsRoutingProvider,0,24,0,0,0,4,0,2,0,2
TripFlow API Service,com.tripflow.service.map.provider.routing,OpenRouteServiceRoutingProvider,423,23,35,0,94,8,30,2,12,2
TripFlow API Service,com.tripflow.service,UnsplashService.UnsplashSearchResponse,6,0,0,0,1,0,1,0,1,0
TripFlow API Service,com.tripflow.service,ExternalImageService,0,45,0,2,0,12,0,4,0,3
TripFlow API Service,com.tripflow.service,UserService,82,359,20,30,16,83,15,29,2,17
TripFlow API Service,com.tripflow.service,StatsService,6,136,1,5,1,29,1,7,0,5
TripFlow API Service,com.tripflow.service,UnsplashService,144,0,20,0,27,0,13,0,3,0
TripFlow API Service,com.tripflow.service,UnsplashService.UnsplashPhotoInternal,15,0,0,0,1,0,1,0,1,0
TripFlow API Service,com.tripflow.service,KafkaService,0,38,0,0,0,15,0,7,0,7
TripFlow API Service,com.tripflow.service,UserCleanupService,19,31,1,1,3,10,1,2,0,2
TripFlow API Service,com.tripflow.service,UnsplashService.UnsplashUserInternal,6,0,0,0,1,0,1,0,1,0
TripFlow API Service,com.tripflow,TripflowApplication,5,3,0,0,2,1,1,1,1,1
TripFlow API Service,com.tripflow.mappers,ItineraryMapperImpl,42,449,19,22,20,135,19,17,0,14
TripFlow API Service,com.tripflow.mappers,UserMapperImpl,34,145,14,11,11,47,12,8,0,6
TripFlow API Service,com.tripflow.mappers,CollaboratorMapperImpl,30,164,10,15,10,55,10,12,0,8
TripFlow API Service,com.tripflow.mappers,AIMapperImpl,6,55,3,3,3,15,3,3,0,3
TripFlow API Service,com.tripflow.mappers,ExternalImageMapperImpl,4,28,4,2,1,9,3,2,0,2
TripFlow API Service,com.tripflow.config,CorsConfig.new WebMvcConfigurer() {...},0,46,0,0,0,7,0,2,0,2
TripFlow API Service,com.tripflow.config,OpenRouteServiceProperties,5,31,1,5,1,7,2,4,1,2
TripFlow API Service,com.tripflow.config,AdminConfig,7,24,0,0,2,6,0,2,0,2
TripFlow API Service,com.tripflow.config,OpenApiConfig,0,38,0,0,0,12,0,2,0,2
TripFlow API Service,com.tripflow.config,MapsProperties,6,12,0,0,2,4,2,4,2,4
TripFlow API Service,com.tripflow.config,MapTilerProperties,3,9,0,0,1,3,1,3,1,3
TripFlow API Service,com.tripflow.config,JpaConfig,0,3,0,0,0,1,0,1,0,1
TripFlow API Service,com.tripflow.config,CorsConfig,1,32,1,1,0,7,1,4,0,4
TripFlow API Service,com.tripflow.model.types,ItineraryStatus,0,27,0,0,0,5,0,1,0,1
TripFlow API Service,com.tripflow.model.types,CollaboratorRole,0,21,0,0,0,4,0,1,0,1
TripFlow API Service,com.tripflow.model.types,UserType,0,15,0,0,0,3,0,1,0,1
TripFlow API Service,com.tripflow.model.types,InvitationStatus,0,15,0,0,0,3,0,1,0,1
TripFlow API Service,com.tripflow.model.types,PlanType,0,35,0,0,0,8,0,3,0,3
TripFlow API Service,com.tripflow.exception,EmailAlreadyExistsException,0,4,0,0,0,2,0,1,0,1
TripFlow API Service,com.tripflow.exception,UsernameAlreadyExistsException,0,4,0,0,0,2,0,1,0,1
TripFlow API Service,com.tripflow.controller.advice,GlobalExceptionHandler,21,53,1,1,5,10,4,6,3,6
TripFlow API Service,com.tripflow.dto.itinerary.share,ShareLinkDTO,0,33,0,0,0,12,0,6,0,6
